EmployeeID;Attrition;retirementDate;retirementType;resignationReason
2;Yes;15/10/2016;Resignation;Others
7;Yes;20/07/2016;Resignation;Stress
14;Yes;08/11/2016;Resignation;Others
29;Yes;15/10/2016;Resignation;Others
31;Yes;08/02/2016;Resignation;Salary
36;Yes;18/06/2016;Resignation;Others
39;Yes;29/04/2016;Resignation;Stress
60;Yes;15/12/2016;Resignation;Others
66;Yes;18/01/2016;Resignation;Salary
70;Yes;23/08/2016;Fired;NA
79;Yes;17/02/2016;Resignation;Salary
100;Yes;23/02/2016;Resignation;Others
106;Yes;07/04/2016;Resignation;Salary
109;Yes;08/10/2016;Resignation;Others
111;Yes;12/08/2016;Resignation;Stress
113;Yes;14/10/2016;Resignation;Others
121;Yes;26/07/2016;Fired;NA
125;Yes;02/05/2016;Resignation;Stress
128;Yes;29/07/2016;Resignation;Others
148;Yes;10/01/2016;Resignation;Salary
157;Yes;29/02/2016;Resignation;Others
158;Yes;25/03/2016;Resignation;Others
164;Yes;30/06/2016;Resignation;Others
165;Yes;16/11/2016;Fired;NA
178;Yes;13/02/2016;Resignation;Others
179;Yes;05/07/2016;Resignation;Salary
182;Yes;22/02/2016;Resignation;Others
183;Yes;03/01/2016;Fired;NA
186;Yes;05/03/2016;Resignation;Stress
196;Yes;04/09/2016;Resignation;Salary
200;Yes;25/01/2016;Resignation;Salary
206;Yes;10/01/2016;Resignation;Salary
212;Yes;01/06/2016;Resignation;Salary
222;Yes;22/06/2016;Fired;NA
223;Yes;28/10/2016;Fired;NA
225;Yes;23/06/2016;Resignation;Salary
238;Yes;30/05/2016;Resignation;Others
247;Yes;14/07/2016;Resignation;Others
256;Yes;17/08/2016;Resignation;Salary
257;Yes;28/01/2016;Resignation;Others
268;Yes;19/01/2016;Resignation;Others
271;Yes;06/04/2016;Resignation;Others
283;Yes;06/03/2016;Resignation;Salary
290;Yes;08/12/2016;Resignation;Others
305;Yes;01/09/2016;Fired;NA
309;Yes;11/09/2016;Resignation;Salary
311;Yes;09/06/2016;Resignation;Salary
316;Yes;30/09/2016;Resignation;Others
328;Yes;17/01/2016;Resignation;Stress
332;Yes;26/08/2016;Resignation;Salary
334;Yes;13/03/2016;Resignation;Others
338;Yes;19/06/2016;Resignation;Stress
341;Yes;18/05/2016;Resignation;Salary
350;Yes;09/03/2016;Resignation;Others
351;Yes;24/08/2016;Resignation;Others
357;Yes;04/09/2016;Resignation;Salary
379;Yes;11/06/2016;Fired;NA
388;Yes;19/02/2016;Resignation;Others
399;Yes;22/04/2016;Fired;NA
403;Yes;11/08/2016;Resignation;Salary
405;Yes;25/03/2016;Resignation;Others
406;Yes;02/09/2016;Resignation;Others
409;Yes;01/04/2016;Resignation;Others
410;Yes;26/05/2016;Resignation;Others
412;Yes;21/07/2016;Resignation;Others
426;Yes;26/11/2016;Resignation;Others
431;Yes;12/08/2016;Resignation;Others
432;Yes;02/06/2016;Resignation;Salary
436;Yes;26/06/2016;Fired;NA
438;Yes;25/05/2016;Resignation;Others
443;Yes;12/12/2016;Resignation;Salary
449;Yes;22/10/2016;Resignation;Others
452;Yes;06/11/2016;Resignation;Others
454;Yes;10/09/2016;Resignation;Others
463;Yes;19/02/2016;Resignation;Stress
468;Yes;01/05/2016;Resignation;Stress
474;Yes;14/11/2016;Fired;NA
475;Yes;13/12/2016;Resignation;Others
487;Yes;21/09/2016;Resignation;Others
491;Yes;27/11/2016;Resignation;Others
492;Yes;18/10/2016;Resignation;Others
495;Yes;10/05/2016;Resignation;Others
504;Yes;10/02/2016;Resignation;Stress
505;Yes;01/07/2016;Resignation;Salary
519;Yes;02/05/2016;Resignation;Others
520;Yes;26/02/2016;Resignation;Salary
522;Yes;22/10/2016;Resignation;Others
523;Yes;03/11/2016;Fired;NA
532;Yes;21/07/2016;Resignation;Others
534;Yes;06/03/2016;Resignation;Others
535;Yes;02/12/2016;Resignation;Salary
539;Yes;08/01/2016;Resignation;Stress
540;Yes;04/01/2016;Resignation;Others
541;Yes;18/04/2016;Resignation;Others
543;Yes;24/01/2016;Resignation;Salary
544;Yes;31/07/2016;Resignation;Others
556;Yes;27/05/2016;Resignation;Others
571;Yes;06/04/2016;Resignation;Others
572;Yes;27/04/2016;Resignation;Others
574;Yes;23/08/2016;Resignation;Others
579;Yes;06/03/2016;Resignation;Salary
581;Yes;19/09/2016;Resignation;Salary
585;Yes;24/01/2016;Resignation;Salary
592;Yes;29/01/2016;Resignation;Others
600;Yes;16/09/2016;Resignation;Others
603;Yes;12/03/2016;Resignation;Stress
607;Yes;06/04/2016;Resignation;Salary
614;Yes;21/04/2016;Resignation;Stress
635;Yes;20/05/2016;Fired;NA
654;Yes;19/01/2016;Resignation;Stress
656;Yes;26/07/2016;Resignation;Salary
658;Yes;04/09/2016;Resignation;Others
671;Yes;18/02/2016;Resignation;Others
675;Yes;23/07/2016;Resignation;Salary
682;Yes;18/03/2016;Resignation;Stress
683;Yes;25/06/2016;Fired;NA
689;Yes;10/08/2016;Resignation;Salary
690;Yes;22/02/2016;Resignation;Salary
695;Yes;26/03/2016;Resignation;Salary
696;Yes;21/03/2016;Fired;NA
709;Yes;31/01/2016;Resignation;Others
718;Yes;11/10/2016;Resignation;Others
723;Yes;05/05/2016;Resignation;Salary
724;Yes;04/08/2016;Resignation;Salary
728;Yes;27/10/2016;Resignation;Others
740;Yes;31/08/2016;Resignation;Others
749;Yes;13/11/2016;Resignation;Others
750;Yes;06/11/2016;Resignation;Salary
755;Yes;01/10/2016;Resignation;Others
759;Yes;29/03/2016;Resignation;Others
764;Yes;22/01/2016;Resignation;Others
774;Yes;06/12/2016;Resignation;Others
775;Yes;24/02/2016;Resignation;Salary
776;Yes;13/07/2016;Resignation;Stress
779;Yes;22/07/2016;Resignation;Stress
782;Yes;28/07/2016;Resignation;Salary
799;Yes;24/03/2016;Resignation;Stress
800;Yes;02/05/2016;Resignation;Stress
801;Yes;31/07/2016;Resignation;Others
803;Yes;24/01/2016;Fired;NA
811;Yes;08/04/2016;Fired;NA
820;Yes;20/06/2016;Resignation;Stress
826;Yes;16/03/2016;Resignation;Others
828;Yes;25/11/2016;Resignation;Others
849;Yes;23/05/2016;Resignation;Stress
853;Yes;02/07/2016;Resignation;Salary
854;Yes;18/09/2016;Resignation;Salary
855;Yes;14/01/2016;Resignation;Others
879;Yes;04/04/2016;Resignation;Others
896;Yes;13/03/2016;Fired;NA
905;Yes;01/02/2016;Resignation;Others
910;Yes;21/07/2016;Resignation;Others
914;Yes;05/09/2016;Resignation;Others
929;Yes;01/02/2016;Resignation;Salary
944;Yes;27/05/2016;Resignation;Salary
947;Yes;29/07/2016;Resignation;Others
948;Yes;27/07/2016;Resignation;Others
956;Yes;08/09/2016;Resignation;Salary
965;Yes;07/03/2016;Fired;NA
966;Yes;24/07/2016;Resignation;Others
979;Yes;17/11/2016;Resignation;Stress
980;Yes;15/02/2016;Resignation;Salary
989;Yes;06/06/2016;Resignation;Others
992;Yes;31/03/2016;Resignation;Stress
998;Yes;12/12/2016;Resignation;Others
1000;Yes;14/05/2016;Resignation;Others
1005;Yes;17/05/2016;Resignation;Salary
1014;Yes;15/01/2016;Resignation;Salary
1016;Yes;19/07/2016;Resignation;Others
1022;Yes;25/07/2016;Resignation;Stress
1024;Yes;07/05/2016;Resignation;Others
1033;Yes;22/08/2016;Resignation;Stress
1034;Yes;09/09/2016;Resignation;Others
1040;Yes;03/03/2016;Resignation;Others
1041;Yes;06/12/2016;Resignation;Others
1055;Yes;18/05/2016;Resignation;Salary
1056;Yes;28/03/2016;Resignation;Salary
1069;Yes;04/01/2016;Resignation;Others
1075;Yes;06/01/2016;Resignation;Salary
1076;Yes;08/02/2016;Resignation;Others
1081;Yes;26/07/2016;Resignation;Salary
1082;Yes;28/05/2016;Resignation;Salary
1096;Yes;03/09/2016;Resignation;Others
1097;Yes;04/09/2016;Resignation;Others
1108;Yes;08/06/2016;Resignation;Others
1112;Yes;25/08/2016;Resignation;Stress
1118;Yes;16/02/2016;Resignation;Salary
1122;Yes;04/05/2016;Resignation;Others
1133;Yes;25/11/2016;Resignation;Others
1138;Yes;05/10/2016;Resignation;Salary
1139;Yes;21/05/2016;Resignation;Others
1181;Yes;05/01/2016;Resignation;Salary
1185;Yes;14/12/2016;Resignation;Stress
1187;Yes;23/03/2016;Resignation;Others
1195;Yes;18/11/2016;Resignation;Salary
1204;Yes;27/05/2016;Resignation;Salary
1213;Yes;17/03/2016;Resignation;Salary
1215;Yes;11/01/2016;Resignation;Salary
1227;Yes;19/02/2016;Resignation;Others
1234;Yes;22/05/2016;Resignation;Salary
1237;Yes;03/05/2016;Resignation;Stress
1239;Yes;30/01/2016;Resignation;Others
1246;Yes;06/06/2016;Resignation;Stress
1247;Yes;08/09/2016;Resignation;Salary
1249;Yes;07/02/2016;Resignation;Others
1255;Yes;04/12/2016;Fired;NA
1258;Yes;20/10/2016;Resignation;Others
1263;Yes;20/03/2016;Resignation;Others
1264;Yes;28/01/2016;Resignation;Stress
1282;Yes;09/05/2016;Resignation;Others
1302;Yes;25/09/2016;Resignation;Others
1313;Yes;15/05/2016;Resignation;Others
1315;Yes;28/08/2016;Resignation;Salary
1320;Yes;10/07/2016;Resignation;Salary
1324;Yes;19/07/2016;Resignation;Others
1335;Yes;26/05/2016;Resignation;Stress
1337;Yes;19/02/2016;Resignation;Salary
1339;Yes;09/04/2016;Resignation;Stress
1340;Yes;09/04/2016;Resignation;Stress
1345;Yes;14/10/2016;Resignation;Others
1349;Yes;15/12/2016;Resignation;Salary
1353;Yes;28/11/2016;Resignation;Others
1384;Yes;28/01/2016;Fired;NA
1390;Yes;21/07/2016;Resignation;Others
1395;Yes;29/02/2016;Resignation;Others
1405;Yes;02/03/2016;Resignation;Others
1417;Yes;14/07/2016;Resignation;Others
1418;Yes;31/10/2016;Resignation;Stress
1423;Yes;15/07/2016;Resignation;Stress
1427;Yes;03/10/2016;Resignation;Salary
1429;Yes;31/03/2016;Resignation;Stress
1430;Yes;04/02/2016;Resignation;Others
1442;Yes;24/07/2016;Resignation;Others
1447;Yes;03/09/2016;Resignation;Salary
1449;Yes;12/02/2016;Resignation;Others
1452;Yes;04/09/2016;Resignation;Salary
1463;Yes;26/09/2016;Resignation;Salary
1472;Yes;07/04/2016;Fired;NA
1477;Yes;24/08/2016;Resignation;Salary
1484;Yes;22/06/2016;Resignation;Salary
1499;Yes;20/03/2016;Resignation;Others
1501;Yes;16/02/2016;Resignation;Others
1506;Yes;19/08/2016;Resignation;Stress
1509;Yes;07/01/2016;Resignation;Salary
1530;Yes;22/08/2016;Resignation;Others
1536;Yes;11/07/2016;Resignation;Salary
1540;Yes;09/12/2016;Resignation;Others
1549;Yes;22/10/2016;Resignation;Salary
1570;Yes;02/04/2016;Resignation;Salary
1576;Yes;29/05/2016;Resignation;Others
1579;Yes;31/10/2016;Resignation;Stress
1581;Yes;08/12/2016;Resignation;Salary
1583;Yes;07/11/2016;Resignation;Stress
1591;Yes;16/10/2016;Resignation;Others
1595;Yes;17/02/2016;Resignation;Others
1598;Yes;26/08/2016;Resignation;Others
1618;Yes;01/10/2016;Resignation;Others
1627;Yes;03/07/2016;Resignation;Others
1628;Yes;24/08/2016;Resignation;Salary
1634;Yes;23/06/2016;Fired;NA
1635;Yes;01/03/2016;Resignation;Others
1648;Yes;14/06/2016;Resignation;Others
1649;Yes;06/12/2016;Resignation;Stress
1652;Yes;13/06/2016;Resignation;Others
1653;Yes;15/05/2016;Resignation;Salary
1656;Yes;25/10/2016;Resignation;Salary
1666;Yes;03/09/2016;Resignation;Salary
1670;Yes;20/10/2016;Resignation;Others
1676;Yes;26/09/2016;Resignation;Others
1682;Yes;11/11/2016;Resignation;Salary
1692;Yes;27/08/2016;Fired;NA
1693;Yes;11/10/2016;Resignation;Others
1695;Yes;15/01/2016;Resignation;Stress
1708;Yes;03/05/2016;Resignation;Others
1717;Yes;22/02/2016;Fired;NA
1726;Yes;01/05/2016;Resignation;Others
1727;Yes;12/03/2016;Resignation;Others
1738;Yes;15/11/2016;Resignation;Others
1741;Yes;11/08/2016;Resignation;Others
1753;Yes;19/05/2016;Resignation;Stress
1760;Yes;08/09/2016;Resignation;Others
1775;Yes;06/01/2016;Resignation;Stress
1779;Yes;04/12/2016;Resignation;Others
1781;Yes;28/05/2016;Resignation;Others
1786;Yes;02/07/2016;Resignation;Others
1798;Yes;10/11/2016;Resignation;Salary
1802;Yes;26/03/2016;Resignation;Others
1804;Yes;14/07/2016;Fired;NA
1808;Yes;16/04/2016;Resignation;Others
1811;Yes;11/02/2016;Resignation;Others
1820;Yes;22/11/2016;Resignation;Others
1821;Yes;03/12/2016;Resignation;Stress
1827;Yes;14/07/2016;Resignation;Stress
1849;Yes;13/10/2016;Resignation;Stress
1858;Yes;14/11/2016;Resignation;Others
1869;Yes;25/05/2016;Fired;NA
1873;Yes;23/06/2016;Resignation;Stress
1875;Yes;08/02/2016;Resignation;Others
1876;Yes;17/03/2016;Fired;NA
1879;Yes;30/03/2016;Resignation;Stress
1880;Yes;05/05/2016;Resignation;Others
1882;Yes;15/04/2016;Resignation;Stress
1896;Yes;08/06/2016;Resignation;Others
1901;Yes;26/03/2016;Resignation;Others
1902;Yes;24/04/2016;Resignation;Others
1906;Yes;23/05/2016;Resignation;Salary
1908;Yes;20/10/2016;Resignation;Salary
1913;Yes;07/12/2016;Resignation;Salary
1919;Yes;29/07/2016;Resignation;Stress
1922;Yes;18/05/2016;Resignation;Stress
1924;Yes;12/11/2016;Resignation;Stress
1933;Yes;18/08/2016;Resignation;Salary
1938;Yes;18/02/2016;Resignation;Others
1944;Yes;16/06/2016;Resignation;Others
1945;Yes;16/04/2016;Resignation;Stress
1957;Yes;16/05/2016;Resignation;Others
1961;Yes;09/10/2016;Resignation;Others
1962;Yes;28/06/2016;Resignation;Others
1965;Yes;07/01/2016;Resignation;Salary
1974;Yes;27/06/2016;Fired;NA
1975;Yes;13/01/2016;Resignation;Stress
1989;Yes;24/10/2016;Resignation;Salary
1990;Yes;07/11/2016;Resignation;Others
1992;Yes;22/05/2016;Resignation;Others
1993;Yes;14/10/2016;Resignation;Others
2002;Yes;13/04/2016;Resignation;Stress
2004;Yes;16/08/2016;Fired;NA
2005;Yes;14/12/2016;Resignation;Salary
2009;Yes;24/06/2016;Resignation;Salary
2010;Yes;01/03/2016;Resignation;Salary
2011;Yes;23/09/2016;Resignation;Salary
2013;Yes;17/11/2016;Resignation;Others
2014;Yes;26/02/2016;Resignation;Salary
2026;Yes;05/05/2016;Resignation;Stress
2041;Yes;17/08/2016;Resignation;Stress
2042;Yes;25/05/2016;Resignation;Others
2044;Yes;01/09/2016;Resignation;Stress
2049;Yes;29/01/2016;Resignation;Stress
2051;Yes;26/08/2016;Resignation;Stress
2055;Yes;03/06/2016;Fired;NA
2062;Yes;07/02/2016;Resignation;Others
2070;Yes;28/06/2016;Resignation;Others
2073;Yes;08/09/2016;Resignation;Others
2077;Yes;06/08/2016;Resignation;Others
2084;Yes;16/09/2016;Resignation;Others
2105;Yes;02/05/2016;Resignation;Salary
2124;Yes;27/11/2016;Fired;NA
2126;Yes;02/07/2016;Resignation;Salary
2128;Yes;20/09/2016;Resignation;Salary
2141;Yes;30/09/2016;Resignation;Others
2145;Yes;24/03/2016;Resignation;Stress
2152;Yes;25/07/2016;Resignation;Salary
2153;Yes;01/12/2016;Resignation;Others
2159;Yes;26/05/2016;Resignation;Salary
2160;Yes;09/05/2016;Resignation;Others
2165;Yes;31/10/2016;Resignation;Salary
2166;Yes;27/08/2016;Resignation;Others
2179;Yes;03/10/2016;Resignation;Others
2188;Yes;03/03/2016;Resignation;Stress
2193;Yes;08/07/2016;Resignation;Others
2194;Yes;20/07/2016;Fired;NA
2198;Yes;28/04/2016;Resignation;Others
2210;Yes;16/06/2016;Fired;NA
2219;Yes;19/07/2016;Resignation;Stress
2220;Yes;27/07/2016;Resignation;Others
2225;Yes;31/07/2016;Fired;NA
2229;Yes;08/04/2016;Resignation;Others
2234;Yes;11/05/2016;Fired;NA
2244;Yes;16/02/2016;Resignation;Others
2245;Yes;05/07/2016;Resignation;Salary
2246;Yes;29/09/2016;Resignation;Stress
2249;Yes;18/03/2016;Resignation;Others
2252;Yes;03/04/2016;Resignation;Others
2269;Yes;13/07/2016;Resignation;Others
2270;Yes;15/09/2016;Resignation;Stress
2271;Yes;26/11/2016;Fired;NA
2273;Yes;24/05/2016;Fired;NA
2281;Yes;07/10/2016;Resignation;Stress
2290;Yes;01/05/2016;Resignation;Stress
2296;Yes;01/10/2016;Resignation;Others
2298;Yes;03/05/2016;Resignation;Salary
2319;Yes;07/01/2016;Resignation;Stress
2323;Yes;30/05/2016;Resignation;Stress
2324;Yes;27/09/2016;Resignation;Others
2325;Yes;11/03/2016;Resignation;Salary
2349;Yes;27/01/2016;Resignation;Others
2366;Yes;18/04/2016;Resignation;Others
2375;Yes;29/02/2016;Resignation;Others
2380;Yes;11/02/2016;Resignation;Salary
2384;Yes;31/01/2016;Resignation;Others
2399;Yes;04/01/2016;Resignation;Stress
2414;Yes;09/11/2016;Resignation;Salary
2417;Yes;07/03/2016;Resignation;Others
2418;Yes;04/06/2016;Resignation;Stress
2426;Yes;20/11/2016;Resignation;Salary
2435;Yes;10/08/2016;Resignation;Salary
2436;Yes;13/05/2016;Resignation;Salary
2449;Yes;28/01/2016;Resignation;Others
2450;Yes;22/04/2016;Fired;NA
2459;Yes;06/04/2016;Resignation;Salary
2462;Yes;23/11/2016;Resignation;Stress
2468;Yes;03/07/2016;Resignation;Others
2470;Yes;12/09/2016;Fired;NA
2475;Yes;01/09/2016;Resignation;Salary
2484;Yes;06/01/2016;Resignation;Others
2486;Yes;07/01/2016;Resignation;Salary
2492;Yes;02/02/2016;Resignation;Stress
2494;Yes;02/03/2016;Resignation;Salary
2503;Yes;16/07/2016;Resignation;Others
2504;Yes;12/08/2016;Resignation;Others
2510;Yes;05/10/2016;Resignation;Salary
2511;Yes;18/08/2016;Resignation;Salary
2525;Yes;12/08/2016;Resignation;Salary
2526;Yes;23/01/2016;Resignation;Others
2539;Yes;20/10/2016;Fired;NA
2545;Yes;22/06/2016;Resignation;Stress
2546;Yes;16/04/2016;Resignation;Others
2551;Yes;17/11/2016;Resignation;Others
2552;Yes;03/10/2016;Resignation;Others
2566;Yes;05/01/2016;Resignation;Others
2567;Yes;27/11/2016;Fired;NA
2578;Yes;21/10/2016;Resignation;Salary
2582;Yes;17/02/2016;Resignation;Others
2588;Yes;08/05/2016;Resignation;Others
2592;Yes;29/05/2016;Resignation;Others
2603;Yes;14/07/2016;Resignation;Others
2608;Yes;29/11/2016;Resignation;Salary
2609;Yes;19/03/2016;Fired;NA
2651;Yes;17/06/2016;Fired;NA
2655;Yes;03/12/2016;Resignation;Stress
2657;Yes;10/02/2016;Resignation;Stress
2665;Yes;13/05/2016;Resignation;Others
2674;Yes;26/06/2016;Resignation;Salary
2683;Yes;13/12/2016;Resignation;Others
2685;Yes;23/06/2016;Resignation;Others
2697;Yes;29/07/2016;Resignation;Others
2704;Yes;13/07/2016;Resignation;Salary
2707;Yes;01/05/2016;Resignation;Others
2709;Yes;01/07/2016;Resignation;Salary
2716;Yes;12/04/2016;Resignation;Others
2717;Yes;20/02/2016;Fired;NA
2719;Yes;13/04/2016;Resignation;Others
2725;Yes;07/05/2016;Fired;NA
2728;Yes;07/04/2016;Resignation;Others
2733;Yes;02/11/2016;Resignation;Others
2734;Yes;04/09/2016;Resignation;Others
2752;Yes;13/08/2016;Resignation;Salary
2772;Yes;30/11/2016;Resignation;Others
2783;Yes;03/04/2016;Resignation;Stress
2785;Yes;30/10/2016;Resignation;Others
2790;Yes;21/04/2016;Fired;NA
2794;Yes;17/04/2016;Resignation;Salary
2805;Yes;25/10/2016;Resignation;Others
2807;Yes;29/07/2016;Resignation;Others
2809;Yes;20/09/2016;Fired;NA
2810;Yes;10/02/2016;Resignation;Stress
2815;Yes;19/01/2016;Resignation;Others
2819;Yes;25/04/2016;Fired;NA
2823;Yes;03/03/2016;Resignation;Others
2854;Yes;20/10/2016;Resignation;Stress
2860;Yes;12/04/2016;Resignation;Salary
2865;Yes;11/06/2016;Resignation;Salary
2875;Yes;19/02/2016;Resignation;Others
2887;Yes;19/09/2016;Resignation;Others
2888;Yes;05/08/2016;Resignation;Others
2893;Yes;22/01/2016;Resignation;Others
2897;Yes;13/12/2016;Resignation;Others
2899;Yes;04/03/2016;Resignation;Salary
2900;Yes;22/07/2016;Resignation;Others
2912;Yes;02/01/2016;Resignation;Salary
2917;Yes;15/11/2016;Resignation;Others
2919;Yes;08/08/2016;Resignation;Stress
2922;Yes;10/10/2016;Resignation;Salary
2933;Yes;10/10/2016;Resignation;Stress
2942;Yes;19/03/2016;Resignation;Salary
2947;Yes;03/03/2016;Resignation;Stress
2954;Yes;05/11/2016;Resignation;Others
2969;Yes;06/09/2016;Resignation;Salary
2971;Yes;15/07/2016;Fired;NA
2976;Yes;14/01/2016;Resignation;Salary
2979;Yes;10/02/2016;Resignation;Stress
3000;Yes;13/12/2016;Resignation;Others
3006;Yes;10/07/2016;Resignation;Salary
3010;Yes;10/02/2016;Resignation;Salary
3019;Yes;19/05/2016;Resignation;Others
3040;Yes;04/01/2016;Resignation;Stress
3046;Yes;04/04/2016;Resignation;Salary
3049;Yes;09/06/2016;Resignation;Salary
3051;Yes;17/11/2016;Resignation;Salary
3053;Yes;14/11/2016;Resignation;Stress
3061;Yes;29/08/2016;Resignation;Others
3065;Yes;15/03/2016;Resignation;Stress
3068;Yes;26/01/2016;Resignation;Others
3088;Yes;24/01/2016;Resignation;Salary
3097;Yes;31/08/2016;Resignation;Stress
3098;Yes;09/02/2016;Resignation;Others
3104;Yes;30/10/2016;Resignation;Salary
3105;Yes;12/11/2016;Resignation;Salary
3118;Yes;27/01/2016;Fired;NA
3119;Yes;15/05/2016;Fired;NA
3122;Yes;22/03/2016;Resignation;Salary
3123;Yes;29/09/2016;Resignation;Stress
3126;Yes;01/06/2016;Resignation;Others
3136;Yes;14/12/2016;Resignation;Others
3140;Yes;25/03/2016;Resignation;Stress
3146;Yes;23/05/2016;Resignation;Others
3152;Yes;31/10/2016;Resignation;Others
3162;Yes;15/12/2016;Fired;NA
3163;Yes;23/09/2016;Resignation;Stress
3165;Yes;28/11/2016;Resignation;Stress
3178;Yes;28/01/2016;Fired;NA
3187;Yes;02/12/2016;Resignation;Others
3196;Yes;05/11/2016;Resignation;Salary
3197;Yes;27/10/2016;Resignation;Others
3208;Yes;03/06/2016;Resignation;Stress
3211;Yes;07/06/2016;Resignation;Others
3223;Yes;13/11/2016;Fired;NA
3230;Yes;20/08/2016;Resignation;Others
3245;Yes;25/08/2016;Resignation;Salary
3249;Yes;24/08/2016;Resignation;Others
3251;Yes;07/03/2016;Resignation;Salary
3256;Yes;24/02/2016;Resignation;Salary
3268;Yes;19/05/2016;Resignation;Others
3272;Yes;28/05/2016;Resignation;Others
3274;Yes;24/06/2016;Resignation;Stress
3278;Yes;05/01/2016;Resignation;Others
3281;Yes;19/06/2016;Resignation;Others
3290;Yes;04/05/2016;Resignation;Stress
3291;Yes;24/06/2016;Resignation;Others
3297;Yes;13/02/2016;Resignation;Salary
3319;Yes;23/06/2016;Resignation;Salary
3328;Yes;07/11/2016;Resignation;Others
3339;Yes;16/01/2016;Resignation;Salary
3343;Yes;16/07/2016;Resignation;Others
3345;Yes;20/02/2016;Resignation;Salary
3346;Yes;15/01/2016;Resignation;Others
3349;Yes;09/09/2016;Resignation;Others
3350;Yes;06/07/2016;Resignation;Stress
3352;Yes;07/10/2016;Resignation;Others
3366;Yes;30/08/2016;Resignation;Stress
3371;Yes;29/05/2016;Resignation;Salary
3372;Yes;14/01/2016;Resignation;Others
3376;Yes;04/07/2016;Resignation;Stress
3378;Yes;24/01/2016;Resignation;Salary
3383;Yes;27/11/2016;Resignation;Stress
3389;Yes;05/02/2016;Resignation;Stress
3392;Yes;01/10/2016;Resignation;Salary
3394;Yes;22/02/2016;Resignation;Others
3403;Yes;06/08/2016;Resignation;Stress
3408;Yes;17/05/2016;Fired;NA
3414;Yes;25/07/2016;Resignation;Others
3415;Yes;19/10/2016;Resignation;Others
3427;Yes;21/06/2016;Resignation;Stress
3431;Yes;30/07/2016;Resignation;Stress
3432;Yes;03/05/2016;Fired;NA
3435;Yes;11/01/2016;Fired;NA
3444;Yes;23/01/2016;Resignation;Others
3445;Yes;21/11/2016;Resignation;Others
3459;Yes;31/01/2016;Resignation;Others
3460;Yes;14/04/2016;Resignation;Stress
3462;Yes;22/02/2016;Resignation;Stress
3463;Yes;11/12/2016;Resignation;Others
3472;Yes;30/08/2016;Resignation;Others
3474;Yes;16/12/2016;Resignation;Salary
3475;Yes;21/10/2016;Resignation;Salary
3479;Yes;09/02/2016;Resignation;Others
3480;Yes;20/02/2016;Resignation;Salary
3481;Yes;02/01/2016;Resignation;Others
3483;Yes;06/02/2016;Fired;NA
3484;Yes;05/12/2016;Resignation;Others
3496;Yes;04/03/2016;Resignation;Others
3511;Yes;17/07/2016;Resignation;Others
3512;Yes;02/11/2016;Resignation;Others
3514;Yes;08/04/2016;Resignation;Others
3519;Yes;10/12/2016;Resignation;Stress
3521;Yes;09/11/2016;Resignation;Salary
3525;Yes;11/04/2016;Resignation;Stress
3532;Yes;11/04/2016;Resignation;Others
3540;Yes;09/12/2016;Resignation;Stress
3543;Yes;11/08/2016;Fired;NA
3547;Yes;28/02/2016;Resignation;Salary
3554;Yes;20/02/2016;Resignation;Others
3575;Yes;13/09/2016;Resignation;Others
3594;Yes;27/08/2016;Resignation;Stress
3596;Yes;15/01/2016;Resignation;Others
3598;Yes;19/04/2016;Resignation;Stress
3611;Yes;14/02/2016;Resignation;Others
3615;Yes;05/03/2016;Resignation;Others
3622;Yes;09/06/2016;Resignation;Salary
3623;Yes;01/06/2016;Resignation;Others
3629;Yes;23/06/2016;Resignation;Salary
3630;Yes;28/10/2016;Resignation;Others
3635;Yes;18/01/2016;Resignation;Others
3636;Yes;07/11/2016;Resignation;Others
3649;Yes;29/03/2016;Resignation;Others
3658;Yes;22/04/2016;Resignation;Others
3663;Yes;11/08/2016;Resignation;Others
3664;Yes;11/05/2016;Resignation;Others
3668;Yes;18/08/2016;Resignation;Salary
3680;Yes;25/01/2016;Resignation;Others
3689;Yes;02/03/2016;Resignation;Others
3690;Yes;26/06/2016;Resignation;Others
3695;Yes;07/04/2016;Resignation;Stress
3699;Yes;04/02/2016;Resignation;Others
3704;Yes;24/03/2016;Resignation;Salary
3714;Yes;14/10/2016;Resignation;Salary
3715;Yes;29/05/2016;Fired;NA
3716;Yes;18/05/2016;Resignation;Stress
3719;Yes;27/06/2016;Resignation;Others
3722;Yes;10/09/2016;Resignation;Others
3739;Yes;17/10/2016;Resignation;Salary
3740;Yes;28/01/2016;Resignation;Others
3741;Yes;26/11/2016;Resignation;Salary
3743;Yes;05/01/2016;Resignation;Others
3751;Yes;23/03/2016;Resignation;Others
3760;Yes;04/07/2016;Resignation;Salary
3766;Yes;01/06/2016;Fired;NA
3768;Yes;04/10/2016;Resignation;Others
3789;Yes;12/05/2016;Resignation;Salary
3793;Yes;09/06/2016;Resignation;Others
3794;Yes;01/11/2016;Fired;NA
3795;Yes;08/11/2016;Fired;NA
3819;Yes;29/06/2016;Resignation;Salary
3836;Yes;18/02/2016;Resignation;Stress
3845;Yes;22/04/2016;Resignation;Stress
3850;Yes;21/01/2016;Resignation;Others
3854;Yes;24/06/2016;Resignation;Salary
3869;Yes;24/04/2016;Resignation;Salary
3884;Yes;08/01/2016;Resignation;Stress
3887;Yes;07/02/2016;Resignation;Others
3888;Yes;18/05/2016;Fired;NA
3896;Yes;17/04/2016;Resignation;Salary
3905;Yes;06/03/2016;Resignation;Others
3906;Yes;20/11/2016;Resignation;Salary
3919;Yes;31/10/2016;Resignation;Others
3920;Yes;14/08/2016;Resignation;Salary
3929;Yes;22/03/2016;Resignation;Others
3932;Yes;31/03/2016;Resignation;Salary
3938;Yes;17/11/2016;Resignation;Others
3940;Yes;18/08/2016;Resignation;Salary
3945;Yes;08/07/2016;Resignation;Stress
3954;Yes;26/03/2016;Resignation;Others
3956;Yes;06/02/2016;Resignation;Stress
3962;Yes;27/09/2016;Resignation;Salary
3964;Yes;03/12/2016;Resignation;Salary
3973;Yes;11/11/2016;Resignation;Others
3974;Yes;14/04/2016;Resignation;Others
3980;Yes;13/07/2016;Resignation;Others
3981;Yes;18/02/2016;Resignation;Others
3995;Yes;05/03/2016;Resignation;Others
3996;Yes;16/07/2016;Resignation;Others
4009;Yes;18/03/2016;Resignation;Others
4015;Yes;29/03/2016;Resignation;Others
4016;Yes;28/10/2016;Resignation;Salary
4021;Yes;27/06/2016;Resignation;Salary
4022;Yes;24/07/2016;Resignation;Others
4036;Yes;22/10/2016;Resignation;Others
4037;Yes;27/05/2016;Resignation;Salary
4048;Yes;04/05/2016;Resignation;Others
4052;Yes;21/08/2016;Resignation;Others
4058;Yes;30/09/2016;Resignation;Stress
4062;Yes;09/05/2016;Resignation;Salary
4073;Yes;15/01/2016;Resignation;Salary
4078;Yes;27/09/2016;Resignation;Salary
4079;Yes;14/07/2016;Resignation;Others
4121;Yes;27/01/2016;Resignation;Salary
4125;Yes;15/11/2016;Fired;NA
4127;Yes;24/10/2016;Resignation;Salary
4135;Yes;15/04/2016;Resignation;Stress
4144;Yes;23/02/2016;Resignation;Others
4153;Yes;10/12/2016;Resignation;Others
4155;Yes;31/01/2016;Resignation;Stress
4167;Yes;13/11/2016;Resignation;Others
4174;Yes;22/11/2016;Resignation;Others
4177;Yes;17/10/2016;Resignation;Salary
4179;Yes;04/08/2016;Resignation;Others
4186;Yes;09/02/2016;Resignation;Others
4187;Yes;08/02/2016;Resignation;Salary
4189;Yes;05/09/2016;Resignation;Salary
4195;Yes;26/06/2016;Resignation;Others
4198;Yes;10/10/2016;Fired;NA
4203;Yes;17/09/2016;Resignation;Others
4204;Yes;28/02/2016;Resignation;Salary
4222;Yes;19/11/2016;Resignation;Stress
4242;Yes;28/09/2016;Resignation;Others
4253;Yes;11/08/2016;Resignation;Stress
4255;Yes;07/08/2016;Resignation;Stress
4260;Yes;14/05/2016;Resignation;Others
4264;Yes;25/04/2016;Resignation;Others
4275;Yes;07/09/2016;Resignation;Others
4277;Yes;19/10/2016;Resignation;Others
4279;Yes;05/02/2016;Resignation;Stress
4280;Yes;22/06/2016;Resignation;Salary
4285;Yes;07/02/2016;Resignation;Stress
4289;Yes;28/06/2016;Resignation;Others
4293;Yes;01/06/2016;Resignation;Salary
4324;Yes;03/01/2016;Resignation;Others
4330;Yes;07/04/2016;Resignation;Stress
4335;Yes;19/05/2016;Resignation;Salary
4345;Yes;08/06/2016;Resignation;Stress
4357;Yes;11/05/2016;Resignation;Stress
4358;Yes;21/10/2016;Resignation;Stress
4363;Yes;02/10/2016;Fired;NA
4367;Yes;19/06/2016;Fired;NA
4369;Yes;01/06/2016;Resignation;Others
4370;Yes;06/07/2016;Resignation;Others
4382;Yes;18/04/2016;Resignation;Salary
4387;Yes;16/09/2016;Resignation;Others
4389;Yes;24/05/2016;Resignation;Others
4392;Yes;26/02/2016;Fired;NA
4403;Yes;26/01/2016;Resignation;Stress
